feature_set,sampling_file,training_set,model,grid_row,step,estimate_LogLoss,estimate_MSE,estimate_In_Sample_R2,estimate_R2_Holdout,estimate_AUC,ci_lower_LogLoss,ci_lower_MSE,ci_lower_In_Sample_R2,ci_lower_R2_Holdout,ci_lower_AUC,ci_upper_LogLoss,ci_upper_MSE,ci_upper_In_Sample_R2,ci_upper_R2_Holdout,ci_upper_AUC,evaluation_set,estimate_F1_Score,estimate_Accuracy,ci_lower_F1_Score,ci_lower_Accuracy,ci_upper_F1_Score,ci_upper_Accuracy,threshold_F1_Score,threshold_Accuracy,selection_set
AS,pmt_train_and_evaluation_samples_seed_1_241016_with_holdout.csv,train_sample_n_1000,catboost,"learning_rate=NA,subsample=0.8,depth=6",1000,0.314844985302472,0.0951435554665134,0.227936310829022,0.227936322872544,0.833630191582228,0.311871605403587,0.0942044750679828,0.223048094988929,0.22305208096739,0.83122905233631,0.317463337976605,0.0959937681273194,0.23316097068303,0.233169135970236,0.836173159634175,evaluation_selection_50_percent_split,0.52085885251672,0.869822657093474,0.516393456704635,0.86848132888564,0.525162465258121,0.871371926274153,0.221310834959838,0.511310834959838,evaluation_selection_50_percent_split
AS,pmt_train_and_evaluation_samples_seed_1_241016_with_holdout.csv,train_sample_n_1000,catboost,"learning_rate=NA,subsample=0.8,depth=6",1000,0.317849545587115,0.0961891636160717,0.225506741643563,0.225517472045764,0.832216347866507,0.315237466773238,0.0953040209494399,0.220396208352381,0.220397181841392,0.829866466729471,0.320591416212745,0.097088422398693,0.230611071029308,0.230624806689382,0.83467735625275,evaluation_test_50_percent_split,0.521285910853521,0.868326644040881,0.517018372967463,0.866903131944478,0.525693539104717,0.869817815627285,0.221310834959838,0.511310834959838,evaluation_selection_50_percent_split
AS,pmt_train_and_evaluation_samples_seed_1_241016_with_holdout.csv,train_sample_n_1000,catboost,"learning_rate=NA,subsample=0.8,depth=6",1000,0.315324829977529,0.0953671649509977,0.230275600602861,0.230280535870308,0.834439872849255,0.314191069244893,0.0949995877847284,0.228251876175205,0.228254034631786,0.83343081763414,0.316490161901491,0.095752042051858,0.232365133690096,0.232371772787647,0.835468434332832,official_holdout_set,0.524156197229482,0.869421456816778,0.522372350269717,0.868817169470127,0.525930431306336,0.870002097432629,0.221310834959838,0.511310834959838,evaluation_selection_50_percent_split
AS,pmt_train_and_evaluation_samples_seed_1_241016_with_holdout.csv,train_sample_n_10000,catboost,"learning_rate=NA,subsample=0.8,depth=6",1000,0.301448912002313,0.0918759392977289,0.254452114045503,0.254680409199301,0.851161356946979,0.298757901009708,0.0909782938733056,0.249536999782349,0.249857293079408,0.848962968654468,0.303871684996575,0.0926692752782862,0.259433629897775,0.259666134033041,0.853433687978879,evaluation_selection_50_percent_split,0.533307263073984,0.87384107403086,0.528581738202514,0.872533515049698,0.53780520338666,0.875250182765349,0.280208991823366,0.500208991823366,evaluation_selection_50_percent_split
AS,pmt_train_and_evaluation_samples_seed_1_241016_with_holdout.csv,train_sample_n_10000,catboost,"learning_rate=NA,subsample=0.8,depth=6",1000,0.304495083725395,0.0927766178771938,0.25298378343533,0.253121660506998,0.849479843668616,0.302005758201071,0.0919195959780322,0.248010056920332,0.248181402604057,0.847231661182648,0.307034024041338,0.0936413652310504,0.25794131266626,0.258031650993689,0.851833230494016,evaluation_test_50_percent_split,0.536293027624145,0.872417682971111,0.5317106521734,0.870926511384708,0.540927088760404,0.873821708166101,0.280208991823366,0.500208991823366,evaluation_selection_50_percent_split
AS,pmt_train_and_evaluation_samples_seed_1_241016_with_holdout.csv,train_sample_n_10000,catboost,"learning_rate=NA,subsample=0.8,depth=6",1000,0.301557025709962,0.0918490532174594,0.25867087105576,0.258833168644508,0.85208192353586,0.300467362807214,0.0914957506758781,0.256729908931895,0.256911925248036,0.851154697380458,0.302636398716231,0.0921977243455557,0.260769149355751,0.260903971413669,0.853015133295911,official_holdout_set,0.537805781136629,0.873442210872151,0.53601596397701,0.872865578863062,0.539658334875174,0.874025321437624,0.280208991823366,0.500208991823366,evaluation_selection_50_percent_split
AS,pmt_train_and_evaluation_samples_seed_1_241016_with_holdout.csv,train_sample_n_100000,catboost,"learning_rate=NA,subsample=0.8,depth=6",1000,0.291344165385001,0.0889137447305632,0.278489505273469,0.278500555846409,0.863455133323916,0.288583094306764,0.0880124747080798,0.273557042828583,0.273568830981608,0.861416777093511,0.293703010883589,0.0897030849659881,0.283568302633631,0.283569993186028,0.865547697006422,evaluation_selection_50_percent_split,0.549859073498591,0.87766583232066,0.545411408857367,0.876324504112825,0.554275048122065,0.879098906312788,0.260149838582889,0.540149838582889,evaluation_selection_50_percent_split
AS,pmt_train_and_evaluation_samples_seed_1_241016_with_holdout.csv,train_sample_n_100000,catboost,"learning_rate=NA,subsample=0.8,depth=6",1000,0.294706631064913,0.089899021377971,0.276153535672845,0.276153537610565,0.861314905132149,0.292269031536109,0.0890590450453294,0.271031859715704,0.271039880519649,0.859210532568514,0.297215280064357,0.0907548396275078,0.281218556880736,0.281222971121426,0.863438471758242,evaluation_test_50_percent_split,0.54995215447677,0.876179502200446,0.545495402535791,0.874741465705474,0.554405282917596,0.87759841490397,0.260149838582889,0.540149838582889,evaluation_selection_50_percent_split
AS,pmt_train_and_evaluation_samples_seed_1_241016_with_holdout.csv,train_sample_n_100000,catboost,"learning_rate=NA,subsample=0.8,depth=6",1000,0.291949075638514,0.0890508476470746,0.281255658001675,0.281256774498638,0.863727458514762,0.290901379639699,0.0886971260411115,0.279253178484918,0.279255607940313,0.862848964430034,0.293003462520693,0.0894032530249256,0.283388257330495,0.283392930658226,0.86461680877568,official_holdout_set,0.553130984297204,0.876783526326829,0.551319570027659,0.876192317565877,0.554901067934528,0.87737084795395,0.260149838582889,0.540149838582889,evaluation_selection_50_percent_split
AS,pmt_train_and_evaluation_samples_seed_1_241016_with_holdout.csv,train_sample_n_1000000,catboost,"learning_rate=NA,subsample=0.8,depth=6",1000,0.287260212943834,0.0876228640865715,0.288964645364596,0.288969051221509,0.867434851722563,0.284638412753507,0.0867419163152284,0.284048092133978,0.284059341671203,0.865366963588832,0.289583394595589,0.0884102564515746,0.293872215884719,0.293877939635463,0.869514303557788,evaluation_selection_50_percent_split,0.554473143265707,0.87932161375751,0.549744288818213,0.878033662714417,0.558911634424988,0.88079354051581,0.280187871239074,0.530187871239074,evaluation_selection_50_percent_split
AS,pmt_train_and_evaluation_samples_seed_1_241016_with_holdout.csv,train_sample_n_1000000,catboost,"learning_rate=NA,subsample=0.8,depth=6",1000,0.290705999632546,0.0887825812681834,0.285142857399775,0.285144193326457,0.865564872513143,0.288298237943195,0.087977557774964,0.280214703043735,0.280214912296612,0.863442048718809,0.293221953671946,0.0896328845598579,0.290138026144295,0.290142084835018,0.867618859740232,evaluation_test_50_percent_split,0.555411688540992,0.877099380776474,0.550964966053426,0.875642099453398,0.559888658855966,0.878498685541929,0.280187871239074,0.530187871239074,evaluation_selection_50_percent_split
AS,pmt_train_and_evaluation_samples_seed_1_241016_with_holdout.csv,train_sample_n_1000000,catboost,"learning_rate=NA,subsample=0.8,depth=6",1000,0.288045235795396,0.0879074545819509,0.290484175393163,0.290484196907729,0.867834006574067,0.287045896805632,0.0875711015757179,0.288490743867979,0.288491211079508,0.866972581731492,0.28909293798202,0.0882522821790758,0.292512076289339,0.292512111725428,0.868683511830953,official_holdout_set,0.558654389850639,0.878038746626089,0.556807659789001,0.877479161318483,0.560460603834661,0.878619468223896,0.280187871239074,0.530187871239074,evaluation_selection_50_percent_split
AS,pmt_train_and_evaluation_samples_seed_1_241016_with_holdout.csv,training_set,catboost,"learning_rate=NA,subsample=0.8,depth=6",1000,0.286352865700555,0.087354673688076,0.291140936417074,0.291143419025936,0.868490275760329,0.283755456468864,0.0864874691716407,0.286272365440752,0.286284344464011,0.866467308238426,0.288724126644095,0.0881443228270972,0.296052493389367,0.296055766115034,0.870548413502277,evaluation_selection_50_percent_split,0.557099149478122,0.879670199323163,0.5525172031426,0.878372444311035,0.561581695373171,0.881146846510997,0.270156804470265,0.500156804470265,evaluation_selection_50_percent_split
AS,pmt_train_and_evaluation_samples_seed_1_241016_with_holdout.csv,training_set,catboost,"learning_rate=NA,subsample=0.8,depth=6",1000,0.289869044394148,0.0885226536013333,0.287235735828776,0.287238537113634,0.866502617978435,0.287458307079619,0.0877233235359732,0.28247199143051,0.282475791702498,0.8644431778185,0.292302218496316,0.0893553569381318,0.292054243762746,0.292056662010094,0.868563769385109,evaluation_test_50_percent_split,0.556114774962397,0.877617417658764,0.551705189574489,0.876237599794722,0.560338386708048,0.878968428798978,0.270156804470265,0.500156804470265,evaluation_selection_50_percent_split
AS,pmt_train_and_evaluation_samples_seed_1_241016_with_holdout.csv,training_set,catboost,"learning_rate=NA,subsample=0.8,depth=6",1000,0.287171879997716,0.0876284848063287,0.292735787288107,0.292736229029321,0.868723324686901,0.286179915431209,0.0872961359243402,0.29078963603618,0.290789718258419,0.867860267608442,0.288181251565598,0.0879749419428486,0.294776796588387,0.294779307727357,0.86958595471901,official_holdout_set,0.560008730659165,0.878683362986226,0.558222251452598,0.878096162832036,0.561798314329045,0.879274591992666,0.270156804470265,0.500156804470265,evaluation_selection_50_percent_split
AS_FS,pmt_train_and_evaluation_samples_seed_1_241016_with_holdout.csv,train_sample_n_1000,catboost,"learning_rate=NA,subsample=0.8,depth=6",1000,0.310419809126602,0.0926284183494263,0.248345954255397,0.248345965980547,0.835528136257613,0.307331429121276,0.0916646481749704,0.243487741276112,0.243493513008158,0.833012578862065,0.313127359178221,0.0935208937029489,0.25345000503406,0.253451847272056,0.838217761061934,evaluation_selection_50_percent_split,0.529322704239278,0.876348953517083,0.524803821103316,0.874973977119231,0.53388609994947,0.877820880275383,0.242667869823556,0.502667869823556,evaluation_selection_50_percent_split
AS_FS,pmt_train_and_evaluation_samples_seed_1_241016_with_holdout.csv,train_sample_n_1000,catboost,"learning_rate=NA,subsample=0.8,depth=6",1000,0.312911728415386,0.0935124660332496,0.247058901519171,0.247069333321815,0.834704494328662,0.310139620849078,0.0926053088971954,0.242132376486657,0.242139112260667,0.832257285460243,0.315716370143091,0.0944368331065766,0.252148224922875,0.252160287604308,0.837177983756787,evaluation_test_50_percent_split,0.530902000213275,0.874664123283095,0.526322132589484,0.873206841960019,0.53530189879197,0.876102159778067,0.242667869823556,0.502667869823556,evaluation_selection_50_percent_split
AS_FS,pmt_train_and_evaluation_samples_seed_1_241016_with_holdout.csv,train_sample_n_1000,catboost,"learning_rate=NA,subsample=0.8,depth=6",1000,0.310762020744111,0.0928521139762497,0.250574999268909,0.250579804382029,0.836800819870895,0.309577374476604,0.0924699139790909,0.24850651420434,0.248507208811858,0.835797435360218,0.311947697646542,0.093243952402943,0.252728691925763,0.252738396156818,0.837883673808216,official_holdout_set,0.532265846989653,0.875602809425976,0.530420231182775,0.875007592058262,0.53415238012913,0.876179481926043,0.242667869823556,0.502667869823556,evaluation_selection_50_percent_split
AS_FS,pmt_train_and_evaluation_samples_seed_1_241016_with_holdout.csv,train_sample_n_10000,catboost,"learning_rate=NA,subsample=0.8,depth=6",1000,0.292510714398412,0.0888736325409613,0.278815004619514,0.279035839582014,0.860865736580948,0.289850938137791,0.0879749419109554,0.273847541314554,0.274117848231775,0.858685108780661,0.295006655869436,0.0897122886078769,0.283642635921688,0.283892843775868,0.863038127777476,evaluation_selection_50_percent_split,0.548271284619562,0.878701906085239,0.543691378644803,0.877360698914059,0.552676503408017,0.880183636812572,0.270482160881868,0.500482160881868,evaluation_selection_50_percent_split
AS_FS,pmt_train_and_evaluation_samples_seed_1_241016_with_holdout.csv,train_sample_n_10000,catboost,"learning_rate=NA,subsample=0.8,depth=6",1000,0.29500540482584,0.0896181572351376,0.278414989842534,0.278548173066611,0.859661311385943,0.29246969125339,0.0887749827276602,0.273324767656661,0.273502041099923,0.857423856905345,0.297540597243543,0.0904451612462472,0.283404153751675,0.283500120359131,0.861873188807543,evaluation_test_50_percent_split,0.548510198889571,0.877849808035866,0.544076908458095,0.876436099908496,0.553033307059749,0.879191015207045,0.270482160881868,0.500482160881868,evaluation_selection_50_percent_split
AS_FS,pmt_train_and_evaluation_samples_seed_1_241016_with_holdout.csv,train_sample_n_10000,catboost,"learning_rate=NA,subsample=0.8,depth=6",1000,0.293033862851099,0.0890752145633786,0.281058988529253,0.281216384735685,0.861592992779022,0.291966326173139,0.0887227222076226,0.278945345217359,0.279120022331667,0.860701633480778,0.294120161361623,0.0894243872214528,0.283106427492211,0.283241912644189,0.862486960737881,official_holdout_set,0.550617635951189,0.877979629799092,0.548838348710261,0.877402957299025,0.552448787917658,0.878546584464584,0.270482160881868,0.500482160881868,evaluation_selection_50_percent_split
AS_FS,pmt_train_and_evaluation_samples_seed_1_241016_with_holdout.csv,train_sample_n_100000,catboost,"learning_rate=NA,subsample=0.8,depth=6",1000,0.281350679973382,0.0855557732121855,0.305738517210197,0.305749150440359,0.873203445651596,0.278713387431854,0.0846778181374463,0.300803139226888,0.300833847432359,0.871246851167894,0.28368830008609,0.0863413241377393,0.31068823005623,0.31070479045136,0.875216721493644,evaluation_selection_50_percent_split,0.566688943342987,0.882807469414037,0.562105907115694,0.881466262242858,0.571146807497243,0.884255188841389,0.270125852930791,0.500125852930791,evaluation_selection_50_percent_split
AS_FS,pmt_train_and_evaluation_samples_seed_1_241016_with_holdout.csv,train_sample_n_100000,catboost,"learning_rate=NA,subsample=0.8,depth=6",1000,0.284428008934528,0.0865871644039982,0.302819854440525,0.30281985630686,0.871816511496304,0.281966784576702,0.0857612489803066,0.297598933530817,0.297599966150552,0.869775021183571,0.286878434664903,0.0874350378779661,0.307734813961421,0.307736568179094,0.873891624728152,evaluation_test_50_percent_split,0.566753811356226,0.881011285457688,0.562209452548768,0.879626505090802,0.571153734039252,0.882416036872607,0.270125852930791,0.500125852930791,evaluation_selection_50_percent_split
AS_FS,pmt_train_and_evaluation_samples_seed_1_241016_with_holdout.csv,train_sample_n_100000,catboost,"learning_rate=NA,subsample=0.8,depth=6",1000,0.282290795991503,0.0859137557097772,0.306575653710162,0.306576730875062,0.87352861336191,0.281263708531669,0.085565757405725,0.304516288841336,0.304520981295343,0.87271498392566,0.283329624146134,0.0862591843413579,0.308684157701456,0.308684257461364,0.874360768011993,official_holdout_set,0.568186513206434,0.881359006772521,0.566371723932832,0.880801020858522,0.569987112422583,0.881923552224858,0.270125852930791,0.500125852930791,evaluation_selection_50_percent_split
AS_FS,pmt_train_and_evaluation_samples_seed_1_241016_with_holdout.csv,train_sample_n_1000000,catboost,"learning_rate=NA,subsample=0.8,depth=6",1000,0.276613472758749,0.0841623136086544,0.317046057242076,0.31705028909543,0.878002862454966,0.274090520012603,0.0832890416446358,0.312187595931984,0.312193814217185,0.876081830108243,0.278942717932405,0.0849403456768593,0.321885201117916,0.321885553779557,0.879958832847408,evaluation_selection_50_percent_split,0.573325230237016,0.884497141114215,0.568824730204901,0.883160775409225,0.577823578127618,0.885940140112032,0.300102951873657,0.530102951873657,evaluation_selection_50_percent_split
AS_FS,pmt_train_and_evaluation_samples_seed_1_241016_with_holdout.csv,train_sample_n_1000000,catboost,"learning_rate=NA,subsample=0.8,depth=6",1000,0.279807439022024,0.0852974580227277,0.313204276760072,0.313205560245508,0.87664252778184,0.277380431955095,0.0845098489202738,0.308287252651017,0.308287963546897,0.874594179839611,0.282234525483112,0.0861319173655033,0.317962157641631,0.317978803171065,0.878655825725432,evaluation_test_50_percent_split,0.568741823778376,0.882439517983626,0.564270071924933,0.881059458046275,0.573258445737033,0.883804932485754,0.300102951873657,0.530102951873657,evaluation_selection_50_percent_split
AS_FS,pmt_train_and_evaluation_samples_seed_1_241016_with_holdout.csv,train_sample_n_1000000,catboost,"learning_rate=NA,subsample=0.8,depth=6",1000,0.277381040521197,0.0844970155518896,0.318010401379259,0.318010422059152,0.878461537495542,0.276393598471253,0.0841611368842935,0.316017512969784,0.316017621906707,0.877622570496855,0.278385097698872,0.0848353118532651,0.32005939411337,0.320059599045634,0.879274387804469,official_holdout_set,0.574375006448551,0.883173812379388,0.572556361996953,0.88260367917217,0.576179566015984,0.883747974438856,0.300102951873657,0.530102951873657,evaluation_selection_50_percent_split
AS_FS,pmt_train_and_evaluation_samples_seed_1_241016_with_holdout.csv,training_set,catboost,"learning_rate=NA,subsample=0.8,depth=6",1000,0.274922476416834,0.0836729700644212,0.321016945025071,0.321019323000379,0.879716973232185,0.272371559635433,0.0828303265060456,0.31608767897744,0.316102549953825,0.877726335111298,0.277255767126302,0.084468831239453,0.326036736342932,0.326040335218841,0.881685945953165,evaluation_selection_50_percent_split,0.576045946812898,0.885242726907417,0.571493200974824,0.883911323705271,0.580422162238931,0.886695408837612,0.290031042052856,0.510031042052856,evaluation_selection_50_percent_split
AS_FS,pmt_train_and_evaluation_samples_seed_1_241016_with_holdout.csv,training_set,catboost,"learning_rate=NA,subsample=0.8,depth=6",1000,0.278410429258155,0.0848597689251028,0.316728449781469,0.316731135154943,0.878029089771607,0.276050565215564,0.0840875699215179,0.311845189538932,0.311859507830795,0.876037899649129,0.280815270778165,0.0856751626065457,0.321559893680589,0.321562146122266,0.880020153309367,evaluation_test_50_percent_split,0.572722743126331,0.883359396559654,0.568247680063755,0.882032834823698,0.57711880655899,0.884695762264644,0.290031042052856,0.510031042052856,evaluation_selection_50_percent_split
AS_FS,pmt_train_and_evaluation_samples_seed_1_241016_with_holdout.csv,training_set,catboost,"learning_rate=NA,subsample=0.8,depth=6",1000,0.276322970009335,0.0841909395416618,0.320480792244538,0.32048121665685,0.879597315572034,0.27531478209744,0.0838507049344642,0.31845200331749,0.31845244756265,0.878759552503815,0.277331214607367,0.0845262541130019,0.322591584643707,0.322592498801891,0.880405462174145,official_holdout_set,0.576419457008996,0.88382004837862,0.57471115791902,0.883249854434936,0.578210393752727,0.884406398222284,0.290031042052856,0.510031042052856,evaluation_selection_50_percent_split
AS_FS_IN,pmt_train_and_evaluation_samples_seed_1_241016_with_holdout.csv,train_sample_n_1000,catboost,"learning_rate=NA,subsample=0.8,depth=6",1000,0.306932671437995,0.0919668823349864,0.253714136402087,0.253714148043498,0.841622785535029,0.30384157275112,0.0909874744156126,0.248888189794983,0.248888846652034,0.839274606654664,0.309581464189204,0.0928380087471845,0.258543991806396,0.258545883663026,0.844086182289821,evaluation_selection_50_percent_split,0.531153932668516,0.877181685701698,0.526544242298554,0.875835758100983,0.535780340298913,0.878677698754291,0.212684643535223,0.482684643535223,evaluation_selection_50_percent_split
AS_FS_IN,pmt_train_and_evaluation_samples_seed_1_241016_with_holdout.csv,train_sample_n_1000,catboost,"learning_rate=NA,subsample=0.8,depth=6",1000,0.309024189831716,0.0926054914287577,0.254361654659674,0.254371985284576,0.840373758869099,0.306354916237611,0.0917011251139762,0.24964041812961,0.249653809433503,0.837897934333951,0.311881467659437,0.0935485836494385,0.259399698184356,0.259421659865151,0.842750882844268,evaluation_test_50_percent_split,0.532357074180904,0.876411892577548,0.527886616482436,0.87498366005161,0.536835407960396,0.877883698299193,0.212684643535223,0.482684643535223,evaluation_selection_50_percent_split
AS_FS_IN,pmt_train_and_evaluation_samples_seed_1_241016_with_holdout.csv,train_sample_n_1000,catboost,"learning_rate=NA,subsample=0.8,depth=6",1000,0.307875208029868,0.0923491111778277,0.254634819303503,0.25463959838614,0.84183096918002,0.306732521288833,0.091966102638874,0.252598274144429,0.252605158466463,0.840861071791996,0.309071172321895,0.092735954064367,0.256693867654394,0.256700227021489,0.842844400524843,official_holdout_set,0.532544026506425,0.876109756462967,0.530641489329738,0.875511239080596,0.534382048871558,0.876684748587472,0.212684643535223,0.482684643535223,evaluation_selection_50_percent_split
AS_FS_IN,pmt_train_and_evaluation_samples_seed_1_241016_with_holdout.csv,train_sample_n_10000,catboost,"learning_rate=NA,subsample=0.8,depth=6",1000,0.287401273142095,0.0874647301538951,0.290247858576953,0.290465192670895,0.867296075880575,0.284684956599957,0.0865641410563662,0.285320605580788,0.285498627249757,0.865238924199749,0.289847406887978,0.0883066637670782,0.295062626925677,0.295253907071907,0.869364267272192,evaluation_selection_50_percent_split,0.553664245113833,0.881103273315291,0.549117733268136,0.879679882255542,0.558203031050432,0.882555713172177,0.260493482553326,0.520493482553326,evaluation_selection_50_percent_split
AS_FS_IN,pmt_train_and_evaluation_samples_seed_1_241016_with_holdout.csv,train_sample_n_10000,catboost,"learning_rate=NA,subsample=0.8,depth=6",1000,0.290577828859087,0.0883950233372241,0.288263385674131,0.288394751175985,0.86533039219588,0.288067268209268,0.0875432788913871,0.283315469590563,0.28349307434259,0.86323620887221,0.293148650147315,0.0892478383279401,0.293326367208548,0.293430632053518,0.867477745838716,evaluation_test_50_percent_split,0.554604433231213,0.879989736091678,0.550044511004755,0.878556541062895,0.559183141126363,0.881369917065684,0.260493482553326,0.520493482553326,evaluation_selection_50_percent_split
AS_FS_IN,pmt_train_and_evaluation_samples_seed_1_241016_with_holdout.csv,train_sample_n_10000,catboost,"learning_rate=NA,subsample=0.8,depth=6",1000,0.288558480320144,0.0878383935739028,0.291041578383688,0.291196789123234,0.867182183713698,0.28751015516984,0.0874878662372869,0.288945471448084,0.289117277673678,0.866332699411404,0.289579702797119,0.0881942217123641,0.293140103686155,0.293299532009665,0.868063776456772,official_holdout_set,0.556321341246918,0.879785527390932,0.554543562481389,0.879192719236373,0.558273503616258,0.880351651991387,0.260493482553326,0.520493482553326,evaluation_selection_50_percent_split
AS_FS_IN,pmt_train_and_evaluation_samples_seed_1_241016_with_holdout.csv,train_sample_n_100000,catboost,"learning_rate=NA,subsample=0.8,depth=6",1000,0.275087976715269,0.0838048990917216,0.319946377386235,0.319956793010421,0.880014419475756,0.272484272372601,0.0829213498588893,0.314903753852326,0.314921178282839,0.87805082264078,0.277443108092524,0.0845864721487649,0.324869147313483,0.324876285363891,0.881919725726163,evaluation_selection_50_percent_split,0.573217741075374,0.885426702622622,0.568567628937642,0.884095178383822,0.577491600513836,0.88685033575568,0.280141636484371,0.500141636484371,evaluation_selection_50_percent_split
AS_FS_IN,pmt_train_and_evaluation_samples_seed_1_241016_with_holdout.csv,train_sample_n_100000,catboost,"learning_rate=NA,subsample=0.8,depth=6",1000,0.278167227847563,0.0847962707653041,0.317239722515666,0.3172397243434,0.878679333996624,0.275720404150555,0.0839789792513365,0.312141054247089,0.312143838789638,0.87668207848054,0.280636634746024,0.0856275451368144,0.322399409678256,0.322399878271851,0.880608684431013,evaluation_test_50_percent_split,0.57399387345516,0.883378762424413,0.569443879632304,0.882052200688456,0.578571823256598,0.884778067189868,0.280141636484371,0.500141636484371,evaluation_selection_50_percent_split
AS_FS_IN,pmt_train_and_evaluation_samples_seed_1_241016_with_holdout.csv,train_sample_n_100000,catboost,"learning_rate=NA,subsample=0.8,depth=6",1000,0.276572796342128,0.0843084800578073,0.319532103004993,0.319533160043353,0.879701284028281,0.27554083076029,0.0839604159631478,0.317499233409227,0.317502402934971,0.878917633357825,0.27757964776975,0.084650728419386,0.32162433064399,0.321625914874541,0.880532862124945,official_holdout_set,0.574901261178397,0.884070282618924,0.573087441552263,0.883509016935756,0.57668240459953,0.884620291810376,0.280141636484371,0.500141636484371,evaluation_selection_50_percent_split
AS_FS_IN,pmt_train_and_evaluation_samples_seed_1_241016_with_holdout.csv,train_sample_n_1000000,catboost,"learning_rate=NA,subsample=0.8,depth=6",1000,0.269496588634164,0.0821809482655904,0.333124290064686,0.333128422290936,0.885631195322237,0.266920368625449,0.0813182205321846,0.328056789523703,0.328071669994643,0.883770446636776,0.271801949227976,0.0829764696226695,0.338020600199714,0.338027104139467,0.887513166125334,evaluation_selection_50_percent_split,0.58134293316638,0.887392337895608,0.576768395079123,0.886070496589187,0.585639496052329,0.888810887489167,0.300086130126392,0.520086130126392,evaluation_selection_50_percent_split
AS_FS_IN,pmt_train_and_evaluation_samples_seed_1_241016_with_holdout.csv,train_sample_n_1000000,catboost,"learning_rate=NA,subsample=0.8,depth=6",1000,0.273265707869078,0.0834187814222624,0.328330953269079,0.328332208485748,0.883536639104959,0.270865038836527,0.0826118825385303,0.323320127510002,0.323325819429264,0.881654750919019,0.275732079877539,0.0842298462819815,0.333415260672724,0.333419847433993,0.885447701656024,evaluation_test_50_percent_split,0.58070392096326,0.884990970665556,0.57604524353161,0.883630518666273,0.585227194607504,0.886347186381924,0.300086130126392,0.520086130126392,evaluation_selection_50_percent_split
AS_FS_IN,pmt_train_and_evaluation_samples_seed_1_241016_with_holdout.csv,train_sample_n_1000000,catboost,"learning_rate=NA,subsample=0.8,depth=6",1000,0.271352034559805,0.0828016688568222,0.331693829184848,0.331693849449819,0.884921459660487,0.270362536254222,0.0824743969741054,0.329727983163241,0.329727988322343,0.884138777482001,0.272333197885596,0.0831411291074182,0.333790134021876,0.333790288312192,0.885723546890319,official_holdout_set,0.583083715964802,0.88578467060185,0.581319610127132,0.885226644196874,0.58490919903441,0.886335428876384,0.300086130126392,0.520086130126392,evaluation_selection_50_percent_split
AS_FS_IN,pmt_train_and_evaluation_samples_seed_1_241016_with_holdout.csv,training_set,catboost,"learning_rate=NA,subsample=0.8,depth=6",1000,0.268487044287225,0.0819405023831324,0.335075442028119,0.335077770766913,0.88674401141925,0.265997841639086,0.0811006480581943,0.330215187727524,0.33022228833715,0.884882356488289,0.270829524392977,0.0827353418357185,0.340058668450166,0.340059332365327,0.88864153372863,evaluation_selection_50_percent_split,0.581999333661214,0.887939423575035,0.577294124986963,0.886641910636217,0.586344457296311,0.889377339033353,0.31006238161198,0.50006238161198,evaluation_selection_50_percent_split
AS_FS_IN,pmt_train_and_evaluation_samples_seed_1_241016_with_holdout.csv,training_set,catboost,"learning_rate=NA,subsample=0.8,depth=6",1000,0.271479242586122,0.0828669477283562,0.332774192607038,0.332776814918012,0.885341766161262,0.269132602426593,0.0820719940103461,0.327841051966749,0.327845903157361,0.883445656277045,0.273933088779488,0.0836749193966291,0.337795421290903,0.337805910562733,0.887129763432697,evaluation_test_50_percent_split,0.582807780785903,0.885930215106343,0.578398266693558,0.884588886898508,0.587226410706301,0.887280984173247,0.31006238161198,0.50006238161198,evaluation_selection_50_percent_split
AS_FS_IN,pmt_train_and_evaluation_samples_seed_1_241016_with_holdout.csv,training_set,catboost,"learning_rate=NA,subsample=0.8,depth=6",1000,0.270089875601391,0.0824426923256389,0.334591189036163,0.334591604635441,0.88620769671854,0.26906093789017,0.0821125823840238,0.332625800488335,0.332625839348543,0.885417690109547,0.271080372371388,0.0827767054942454,0.336739311754421,0.336740205351436,0.886989581866197,official_holdout_set,0.584234727507163,0.886297286375677,0.582484508249192,0.88572387339929,0.586012405836832,0.886858572304334,0.31006238161198,0.50006238161198,evaluation_selection_50_percent_split
AS_FS_IN_ED,pmt_train_and_evaluation_samples_seed_1_241016_with_holdout.csv,train_sample_n_1000,catboost,"learning_rate=NA,subsample=0.8,depth=6",1000,0.305636176908694,0.0915846338790086,0.256815977106432,0.256815988699457,0.841767174684621,0.302663574290663,0.0906205656025593,0.252204345160723,0.252204931563798,0.839385599655989,0.308268788968866,0.0924454401166886,0.26169448645674,0.261699123865358,0.844249034267694,evaluation_selection_50_percent_split,0.532209586961237,0.877757820178263,0.527578708171637,0.87639252671279,0.536881913962719,0.879215464611303,0.233490630453327,0.473490630453327,evaluation_selection_50_percent_split
AS_FS_IN_ED,pmt_train_and_evaluation_samples_seed_1_241016_with_holdout.csv,train_sample_n_1000,catboost,"learning_rate=NA,subsample=0.8,depth=6",1000,0.307697529428148,0.0922101304967661,0.25754501092283,0.257555297443162,0.840574216110238,0.305062997987611,0.0913013559967073,0.252918388160286,0.252920860547261,0.838156656697804,0.310472410489645,0.0931353922177246,0.262376961392221,0.26240341476169,0.842973665224484,evaluation_test_50_percent_split,0.532917850487276,0.876581343894185,0.528331623846545,0.875196563527299,0.537536432212158,0.877956562365347,0.233490630453327,0.473490630453327,evaluation_selection_50_percent_split
AS_FS_IN_ED,pmt_train_and_evaluation_samples_seed_1_241016_with_holdout.csv,train_sample_n_1000,catboost,"learning_rate=NA,subsample=0.8,depth=6",1000,0.306712189851665,0.0920251379817145,0.2572496613608,0.257254423677767,0.841992067339851,0.30558466819124,0.0916547055488263,0.255202484120289,0.255204758625318,0.841000826675416,0.3078382286644,0.0924090976463018,0.259290163451608,0.25929640035445,0.842974201116232,official_holdout_set,0.533586351367271,0.876517905515114,0.531689411890669,0.87593886429287,0.535413670978484,0.877093687213678,0.233490630453327,0.473490630453327,evaluation_selection_50_percent_split
AS_FS_IN_ED,pmt_train_and_evaluation_samples_seed_1_241016_with_holdout.csv,train_sample_n_10000,catboost,"learning_rate=NA,subsample=0.8,depth=6",1000,0.285894918069637,0.0870720679546855,0.293434203933013,0.293650562332144,0.868827700379518,0.283232485890251,0.0861740721689988,0.288762324189292,0.288988623287075,0.866813550352638,0.288301918515554,0.0879057789144771,0.298290796405613,0.29850011984275,0.870823314218933,evaluation_selection_50_percent_split,0.554485618687067,0.881553529670926,0.549855514894676,0.88015422490547,0.559050534485037,0.883001128061622,0.280786381590567,0.510786381590567,evaluation_selection_50_percent_split
AS_FS_IN_ED,pmt_train_and_evaluation_samples_seed_1_241016_with_holdout.csv,train_sample_n_10000,catboost,"learning_rate=NA,subsample=0.8,depth=6",1000,0.288550355392903,0.0878782251508743,0.292424527077297,0.292555124555675,0.867495344064368,0.28609564670937,0.0870343903687545,0.287610427867947,0.287795879410054,0.865438813521623,0.291077628786657,0.0887218237109773,0.297379253354518,0.297494122418404,0.869612408570392,evaluation_test_50_percent_split,0.555355367793241,0.880338321657331,0.550688389322112,0.878919651027117,0.559887389980377,0.881713419091838,0.280786381590567,0.510786381590567,evaluation_selection_50_percent_split
AS_FS_IN_ED,pmt_train_and_evaluation_samples_seed_1_241016_with_holdout.csv,train_sample_n_10000,catboost,"learning_rate=NA,subsample=0.8,depth=6",1000,0.286950605122369,0.0874147209827645,0.294461110996642,0.294615573105282,0.868906110209033,0.28595033966909,0.0870691858314162,0.292377395266213,0.292540423150424,0.86808240079779,0.287961112006104,0.0877578778051235,0.296522713641896,0.29667582415971,0.869734024648411,official_holdout_set,0.557886072124452,0.880239026337761,0.556047308041505,0.879676991326023,0.559776313796972,0.880806851559267,0.280786381590567,0.510786381590567,evaluation_selection_50_percent_split
AS_FS_IN_ED,pmt_train_and_evaluation_samples_seed_1_241016_with_holdout.csv,train_sample_n_100000,catboost,"learning_rate=NA,subsample=0.8,depth=6",1000,0.273675675915024,0.0834836849237812,0.322552941691069,0.322563317393412,0.88164377180939,0.271071689514476,0.0825948366861318,0.317738571480512,0.317758260217322,0.879704191162139,0.275972054986481,0.0842622207152515,0.32766061706114,0.327672514478374,0.883573628551059,evaluation_selection_50_percent_split,0.574796544568881,0.885504166081656,0.570290931573319,0.884153154941443,0.579085947442083,0.886927557141405,0.260089809754811,0.500089809754812,evaluation_selection_50_percent_split
AS_FS_IN_ED,pmt_train_and_evaluation_samples_seed_1_241016_with_holdout.csv,train_sample_n_100000,catboost,"learning_rate=NA,subsample=0.8,depth=6",1000,0.277088266719922,0.0846008449295731,0.318813246877376,0.318813248700897,0.879950202768735,0.274641394789039,0.0837682965237134,0.313767989677236,0.313769380858509,0.878005941151687,0.279603713920682,0.0854470506862835,0.323913378278804,0.323916063390316,0.881884221013532,evaluation_test_50_percent_split,0.573419437601131,0.883557896673429,0.568793768385499,0.882192361134646,0.57791706357203,0.884942677040315,0.260089809754811,0.500089809754812,evaluation_selection_50_percent_split
AS_FS_IN_ED,pmt_train_and_evaluation_samples_seed_1_241016_with_holdout.csv,train_sample_n_100000,catboost,"learning_rate=NA,subsample=0.8,depth=6",1000,0.275182292654072,0.0839656880123501,0.322298835154818,0.322299887895339,0.881230664422481,0.274168331650543,0.0836323678281775,0.320246264861801,0.320246359089716,0.880462268874159,0.276199941348271,0.0843142770577588,0.324376852696238,0.324377108244995,0.882063857947119,official_holdout_set,0.575792214390043,0.884478431671071,0.573981785445806,0.883929353772099,0.577605690110973,0.885039859318148,0.260089809754811,0.500089809754812,evaluation_selection_50_percent_split
AS_FS_IN_ED,pmt_train_and_evaluation_samples_seed_1_241016_with_holdout.csv,train_sample_n_1000000,catboost,"learning_rate=NA,subsample=0.8,depth=6",1000,0.267690380170697,0.0817297773299589,0.33678541766605,0.336789527206502,0.887570779550136,0.265173192901022,0.0808676632075897,0.331849647552223,0.331862061479774,0.885752579600278,0.270025117649541,0.0825342327970909,0.341639105059887,0.341651507376034,0.889427444136515,evaluation_selection_50_percent_split,0.583684687216965,0.888074984628345,0.579065616915637,0.886806399450009,0.588006676400949,0.889522704055696,0.300114432794025,0.520114432794025,evaluation_selection_50_percent_split
AS_FS_IN_ED,pmt_train_and_evaluation_samples_seed_1_241016_with_holdout.csv,train_sample_n_1000000,catboost,"learning_rate=NA,subsample=0.8,depth=6",1000,0.271501263007284,0.0829664063544115,0.331973374381062,0.331974622790765,0.885488914474517,0.269038487042324,0.0821661431265439,0.326871639956785,0.326877295866896,0.88357786636379,0.273971367651535,0.0837874913447101,0.336933298105688,0.336945272149597,0.887334296209638,evaluation_test_50_percent_split,0.583038923772351,0.885760763789706,0.578480663248514,0.884409994722802,0.587490933766565,0.887126299328489,0.300114432794025,0.520114432794025,evaluation_selection_50_percent_split
AS_FS_IN_ED,pmt_train_and_evaluation_samples_seed_1_241016_with_holdout.csv,train_sample_n_1000000,catboost,"learning_rate=NA,subsample=0.8,depth=6",1000,0.269579050626969,0.0823622903173488,0.335240127143668,0.335240147301105,0.88678318910566,0.268597562728057,0.0820276210396313,0.333269658064629,0.333270578920243,0.886005612052273,0.27055673153583,0.082701663225954,0.337327287474754,0.337327574451529,0.887537628598235,official_holdout_set,0.585252300044229,0.886417139668768,0.583520879787089,0.885862352541983,0.587015371803953,0.886958139617749,0.300114432794025,0.520114432794025,evaluation_selection_50_percent_split
AS_FS_IN_ED,pmt_train_and_evaluation_samples_seed_1_241016_with_holdout.csv,training_set,catboost,"learning_rate=NA,subsample=0.8,depth=6",1000,0.266565444092859,0.0814593950142993,0.338979495521257,0.33898181058704,0.888709263478825,0.264077723915679,0.0806005086172296,0.333998712649421,0.334014596794249,0.886862191125456,0.268971067674074,0.0822716722328246,0.343837012335025,0.343841206276851,0.890568792247151,evaluation_selection_50_percent_split,0.584873321075758,0.88787648451457,0.580122243978395,0.886539997772926,0.589270765989759,0.889309558506698,0.300054053120302,0.500054053120302,evaluation_selection_50_percent_split
AS_FS_IN_ED,pmt_train_and_evaluation_samples_seed_1_241016_with_holdout.csv,training_set,catboost,"learning_rate=NA,subsample=0.8,depth=6",1000,0.269801648327869,0.0825017098531174,0.335715004871483,0.335717615624564,0.887226893836756,0.267402988843041,0.0817191101259074,0.330702113797931,0.330703226849654,0.885345488973522,0.272252731684995,0.0833203156233345,0.340691876458512,0.340693042187586,0.889085749018239,evaluation_test_50_percent_split,0.584880983520795,0.886327215333892,0.580308794568878,0.884952117899385,0.589242750617298,0.887687667333175,0.300054053120302,0.500054053120302,evaluation_selection_50_percent_split
AS_FS_IN_ED,pmt_train_and_evaluation_samples_seed_1_241016_with_holdout.csv,training_set,catboost,"learning_rate=NA,subsample=0.8,depth=6",1000,0.268374625508538,0.0819978976153086,0.338181201819283,0.33818161517632,0.887963675519817,0.267397444942135,0.0816739622120385,0.336203048088658,0.336203109824239,0.887183708667848,0.269372482817085,0.0823381436232098,0.340278509085749,0.340280670491517,0.888724279914152,official_holdout_set,0.58676470968192,0.887164603111489,0.584950476752598,0.886596777889983,0.588574578270438,0.88771291168189,0.300054053120302,0.500054053120302,evaluation_selection_50_percent_split
AS_FS_IN_ED_IM,pmt_train_and_evaluation_samples_seed_1_241016_with_holdout.csv,train_sample_n_1000,catboost,"learning_rate=NA,subsample=0.8,depth=6",1000,0.306310153376879,0.0917340227717622,0.255603727479066,0.255603739091001,0.840697773156185,0.303373560770615,0.0907565465845154,0.251165783527769,0.251166567727719,0.838276104778249,0.308905171209273,0.0926021522396587,0.260296068869785,0.260296219613659,0.843199361351813,evaluation_selection_50_percent_split,0.532429642264015,0.877573844463057,0.527863492306052,0.8762127872805,0.536923779435044,0.879016964497528,0.214502779149645,0.464502779149646,evaluation_selection_50_percent_split
AS_FS_IN_ED_IM,pmt_train_and_evaluation_samples_seed_1_241016_with_holdout.csv,train_sample_n_1000,catboost,"learning_rate=NA,subsample=0.8,depth=6",1000,0.308452553641134,0.0923927297351486,0.25607476340438,0.256085070294608,0.839385590092228,0.305871180185647,0.0914780225312561,0.251548643820895,0.251564222174065,0.836938196014108,0.311171675221039,0.0933167842258,0.260791698927977,0.260829212243833,0.841754635986226,evaluation_test_50_percent_split,0.534537631873637,0.876557136563237,0.529902051503378,0.875186759558265,0.539032888008656,0.877975807193451,0.214502779149645,0.464502779149646,evaluation_selection_50_percent_split
AS_FS_IN_ED_IM,pmt_train_and_evaluation_samples_seed_1_241016_with_holdout.csv,train_sample_n_1000,catboost,"learning_rate=NA,subsample=0.8,depth=6",1000,0.307299861776243,0.0921673947966427,0.25610148272419,0.256106252402972,0.841116837122958,0.306195451026915,0.091794706497534,0.254155830590814,0.254160623982836,0.84010786932007,0.308435159762258,0.09254032881959,0.258108621599639,0.258112736142974,0.842151477547755,official_holdout_set,0.534173586397786,0.876198836613238,0.532290656651995,0.875615766538742,0.536003064441248,0.876785955785472,0.214502779149645,0.464502779149646,evaluation_selection_50_percent_split
AS_FS_IN_ED_IM,pmt_train_and_evaluation_samples_seed_1_241016_with_holdout.csv,train_sample_n_10000,catboost,"learning_rate=NA,subsample=0.8,depth=6",1000,0.285380901491773,0.0868515537628617,0.295223615728896,0.295439426189996,0.869188445670265,0.282733523369236,0.0859664151551468,0.290491851481197,0.290756850905213,0.86720928898697,0.287825335335981,0.087676586058314,0.300008497108675,0.300167491287355,0.871237600172944,evaluation_selection_50_percent_split,0.555049422412766,0.881897273770389,0.550712661511887,0.880502931507778,0.559560044949951,0.88334983466393,0.251009746333498,0.491009746333498,evaluation_selection_50_percent_split
AS_FS_IN_ED_IM,pmt_train_and_evaluation_samples_seed_1_241016_with_holdout.csv,train_sample_n_10000,catboost,"learning_rate=NA,subsample=0.8,depth=6",1000,0.288023931264062,0.0876344125106829,0.294387650978488,0.294517886122329,0.867748242444139,0.285569057072261,0.0868008091615834,0.289634883034357,0.289789356078337,0.865688047379437,0.290493963657019,0.0884765106845266,0.299476561130518,0.299582555085067,0.86978014954523,evaluation_test_50_percent_split,0.557246408774793,0.88059976083157,0.552709376384346,0.879229504863253,0.56170260515914,0.881999065597025,0.251009746333498,0.491009746333498,evaluation_selection_50_percent_split
AS_FS_IN_ED_IM,pmt_train_and_evaluation_samples_seed_1_241016_with_holdout.csv,train_sample_n_10000,catboost,"learning_rate=NA,subsample=0.8,depth=6",1000,0.286477377649569,0.0872093188493516,0.296118946100133,0.296273045262506,0.869218132717478,0.285467154869735,0.0868660917841993,0.294096192361281,0.29424715313069,0.868395106438011,0.287481998138099,0.0875573326502754,0.298204506973975,0.298338103228386,0.870064835437437,official_holdout_set,0.558995556015646,0.880627739720758,0.557232846841799,0.880059226152637,0.560816163448361,0.881185037288141,0.251009746333498,0.491009746333498,evaluation_selection_50_percent_split
AS_FS_IN_ED_IM,pmt_train_and_evaluation_samples_seed_1_241016_with_holdout.csv,train_sample_n_100000,catboost,"learning_rate=NA,subsample=0.8,depth=6",1000,0.272550290651842,0.0831014657191273,0.325654545028995,0.325664873227533,0.882755471103272,0.270004222720231,0.0822231749025282,0.320696178904903,0.320724908602994,0.880844206081002,0.27489690052151,0.0838801029826032,0.330618889673345,0.330640529061261,0.884634719984294,evaluation_selection_50_percent_split,0.577474121302254,0.886254593341047,0.573028713125417,0.88495199686273,0.581680742076041,0.88768778836983,0.260140931476518,0.510140931476518,evaluation_selection_50_percent_split
AS_FS_IN_ED_IM,pmt_train_and_evaluation_samples_seed_1_241016_with_holdout.csv,train_sample_n_100000,catboost,"learning_rate=NA,subsample=0.8,depth=6",1000,0.275904606195573,0.0842360880830111,0.32175018600837,0.321750187824028,0.881218781279304,0.273514194716223,0.0834270107487215,0.316872458595086,0.316872636159901,0.879258479722373,0.278360444580719,0.0850709833620382,0.326795097316771,0.326805049380854,0.883130470105695,evaluation_test_50_percent_split,0.575927680979806,0.883988787164305,0.571500090640907,0.882599286367884,0.580324480210708,0.885363763562157,0.260140931476518,0.510140931476518,evaluation_selection_50_percent_split
AS_FS_IN_ED_IM,pmt_train_and_evaluation_samples_seed_1_241016_with_holdout.csv,train_sample_n_100000,catboost,"learning_rate=NA,subsample=0.8,depth=6",1000,0.274091248637949,0.0836241570079629,0.325055389230453,0.325056437688945,0.882393460161065,0.273098245034598,0.0832916617790965,0.323023301044785,0.323023342800173,0.881621281981061,0.27507967195276,0.0839625438449715,0.327166817036239,0.327167743912181,0.883204785748919,official_holdout_set,0.578027789045662,0.884900347655532,0.576228262251604,0.884360096789632,0.579741765703527,0.885448635980444,0.260140931476518,0.510140931476518,evaluation_selection_50_percent_split
AS_FS_IN_ED_IM,pmt_train_and_evaluation_samples_seed_1_241016_with_holdout.csv,train_sample_n_1000000,catboost,"learning_rate=NA,subsample=0.8,depth=6",1000,0.266631602601146,0.081428124788891,0.339233244768609,0.339237339141354,0.888776877097034,0.264157861346258,0.080579214945451,0.334391959602204,0.334407187375193,0.886945987044989,0.26903083110236,0.0822093233907956,0.34423916786639,0.344241746163488,0.890654962966606,evaluation_selection_50_percent_split,0.586001593924335,0.888229911546413,0.581399294448159,0.886888825411888,0.590283383683682,0.889667948041385,0.300129196044987,0.500129196044987,evaluation_selection_50_percent_split
AS_FS_IN_ED_IM,pmt_train_and_evaluation_samples_seed_1_241016_with_holdout.csv,train_sample_n_1000000,catboost,"learning_rate=NA,subsample=0.8,depth=6",1000,0.270381274663444,0.0826789836333866,0.334287636729996,0.334288880814801,0.886807834387023,0.268056336774847,0.0818855152204704,0.329121940424093,0.329127176037401,0.884960333774337,0.272872475932661,0.0835148626117782,0.339363597323533,0.339369782040081,0.888610177841016,evaluation_test_50_percent_split,0.583262551542013,0.886428886123874,0.578636993553852,0.885034422824608,0.587692999563416,0.887765251828864,0.300129196044987,0.500129196044987,evaluation_selection_50_percent_split
AS_FS_IN_ED_IM,pmt_train_and_evaluation_samples_seed_1_241016_with_holdout.csv,train_sample_n_1000000,catboost,"learning_rate=NA,subsample=0.8,depth=6",1000,0.268316853510062,0.0819370070696383,0.338672659636228,0.338672679689581,0.887998409994404,0.267331441354575,0.0816023047318774,0.336659267331089,0.336660388588245,0.887214506553731,0.269326929732796,0.0822803143019378,0.34076587529,0.34076603966832,0.888773020498593,official_holdout_set,0.587174996701787,0.887125731773189,0.585429640788329,0.886562684487016,0.588995424276285,0.887659402855262,0.300129196044987,0.500129196044987,evaluation_selection_50_percent_split
AS_FS_IN_ED_IM,pmt_train_and_evaluation_samples_seed_1_241016_with_holdout.csv,training_set,catboost,"learning_rate=NA,subsample=0.8,depth=6",1000,0.264752358180243,0.0809249476062556,0.343316388708598,0.343318688585452,0.8907316541462,0.262330129919042,0.0800825781640913,0.338418835824685,0.338433830442384,0.888879988636605,0.267062892590578,0.0817142456106168,0.348162717923307,0.348162726600846,0.892568719166217,evaluation_selection_50_percent_split,0.588038439102269,0.889091692528165,0.58342727088455,0.887745401817486,0.592358145665929,0.890515325661223,0.290060815391514,0.510060815391514,evaluation_selection_50_percent_split
AS_FS_IN_ED_IM,pmt_train_and_evaluation_samples_seed_1_241016_with_holdout.csv,training_set,catboost,"learning_rate=NA,subsample=0.8,depth=6",1000,0.268533572594962,0.0821081481161757,0.338883874425491,0.338886472724375,0.888539525391262,0.266224945560509,0.0813296269965138,0.334009168310909,0.334012090307917,0.886688151952871,0.27090008206439,0.0829174468210564,0.34389040903505,0.343891710615442,0.890341982681866,evaluation_test_50_percent_split,0.587826456439595,0.887140581653748,0.583398004685481,0.885789328440225,0.592173406827962,0.888491471757307,0.290060815391514,0.510060815391514,evaluation_selection_50_percent_split
AS_FS_IN_ED_IM,pmt_train_and_evaluation_samples_seed_1_241016_with_holdout.csv,training_set,catboost,"learning_rate=NA,subsample=0.8,depth=6",1000,0.267040593194545,0.0816142091574599,0.34127801577957,0.341278427202407,0.889399882402388,0.266040135798929,0.081285360241175,0.339345946020572,0.339345962210895,0.888651238417399,0.268028952627666,0.0819490852977572,0.343345961360069,0.343346152418983,0.890148312852038,official_holdout_set,0.589202469607281,0.887394591863095,0.587468358428126,0.88682846726264,0.591013208092911,0.887940450729364,0.290060815391514,0.510060815391514,evaluation_selection_50_percent_split
AS_FS_IN_ED_IM_HO,pmt_train_and_evaluation_samples_seed_1_241016_with_holdout.csv,train_sample_n_1000,catboost,"learning_rate=NA,subsample=0.8,depth=6",1000,0.305139789992696,0.0914394822578208,0.257993842444698,0.257993854019349,0.842367074002864,0.302179157448742,0.0904667972457374,0.253407102733447,0.253412586060507,0.840005504216985,0.307720645573722,0.0923045987345009,0.262796038077409,0.262801283237373,0.844824930604934,evaluation_selection_50_percent_split,0.534111704299693,0.877690039651608,0.529392167139941,0.876367956271877,0.538672279964431,0.879171649342287,0.224393794652,0.474393794652,evaluation_selection_50_percent_split
AS_FS_IN_ED_IM_HO,pmt_train_and_evaluation_samples_seed_1_241016_with_holdout.csv,train_sample_n_1000,catboost,"learning_rate=NA,subsample=0.8,depth=6",1000,0.307263030910227,0.0920677848267798,0.258691145867933,0.258701416508863,0.840969624150755,0.304672199248065,0.0911737170638533,0.254150199994853,0.254154028281852,0.838491107737531,0.309952089375654,0.0929888197594795,0.263382059903134,0.263390973271495,0.843329681721118,evaluation_test_50_percent_split,0.536382474395862,0.876857307466993,0.531844248969952,0.875458002701538,0.540942261405291,0.87829546499862,0.224393794652,0.474393794652,evaluation_selection_50_percent_split
AS_FS_IN_ED_IM_HO,pmt_train_and_evaluation_samples_seed_1_241016_with_holdout.csv,train_sample_n_1000,catboost,"learning_rate=NA,subsample=0.8,depth=6",1000,0.306208737504019,0.0918454611127449,0.258699863535985,0.258704616554643,0.842388003011316,0.305078478971283,0.0914717396108453,0.256695140399341,0.25669774769257,0.841423628785188,0.307368809315751,0.0922171393624897,0.260690243751875,0.260696702731371,0.843402630768831,official_holdout_set,0.535814358797148,0.876709832747969,0.533955088103378,0.876136338789627,0.537605834711657,0.877284824872474,0.224393794652,0.474393794652,evaluation_selection_50_percent_split
AS_FS_IN_ED_IM_HO,pmt_train_and_evaluation_samples_seed_1_241016_with_holdout.csv,train_sample_n_10000,catboost,"learning_rate=NA,subsample=0.8,depth=6",1000,0.285661405732294,0.086925980257672,0.29461966526821,0.294835660665738,0.868991870629951,0.283050217086257,0.0860495384200326,0.289958338181622,0.290234317320341,0.867053704799639,0.288063786913936,0.0877488331629046,0.299359553618043,0.299572815437283,0.871020866464268,evaluation_selection_50_percent_split,0.556139686387395,0.8817520297847,0.551594974047075,0.880396298214951,0.560664143750546,0.883161017482534,0.26098508626523,0.49098508626523,evaluation_selection_50_percent_split
AS_FS_IN_ED_IM_HO,pmt_train_and_evaluation_samples_seed_1_241016_with_holdout.csv,train_sample_n_10000,catboost,"learning_rate=NA,subsample=0.8,depth=6",1000,0.288534200098016,0.0877756914657854,0.293250104978907,0.293380550080052,0.867369209915198,0.286097534191427,0.0869381307199284,0.288514442691485,0.288632007117225,0.865265238064239,0.291000502197467,0.0886002912680536,0.298099161157376,0.298199262919135,0.869456873700137,evaluation_test_50_percent_split,0.557169192032732,0.880527138838726,0.552794998386113,0.87913267553946,0.561810980469806,0.881907077739423,0.26098508626523,0.49098508626523,evaluation_selection_50_percent_split
AS_FS_IN_ED_IM_HO,pmt_train_and_evaluation_samples_seed_1_241016_with_holdout.csv,train_sample_n_10000,catboost,"learning_rate=NA,subsample=0.8,depth=6",1000,0.287050218885341,0.0873654543898062,0.294858749939717,0.29501312499412,0.868682001326987,0.286021713248643,0.0870188903942944,0.292883440239128,0.293056469292068,0.867853081815366,0.288058238962441,0.087706520530697,0.296908821065712,0.297050530409706,0.869544661622267,official_holdout_set,0.558980550235812,0.880545947946419,0.557227872385417,0.879965125121169,0.560914142058169,0.881135537068275,0.26098508626523,0.49098508626523,evaluation_selection_50_percent_split
AS_FS_IN_ED_IM_HO,pmt_train_and_evaluation_samples_seed_1_241016_with_holdout.csv,train_sample_n_100000,catboost,"learning_rate=NA,subsample=0.8,depth=6",1000,0.272366982519922,0.0829786749629198,0.326650958120442,0.32666127105803,0.882812777188745,0.269812170978931,0.0820990128645612,0.321807822419978,0.321827788454837,0.88091878190078,0.27472392788676,0.0837632911243546,0.331706585523125,0.33171825630411,0.884759027604731,evaluation_selection_50_percent_split,0.577339073821275,0.886448251988632,0.57298076812647,0.885092520418884,0.581592800423748,0.887833032355518,0.270183026391338,0.510183026391338,evaluation_selection_50_percent_split
AS_FS_IN_ED_IM_HO,pmt_train_and_evaluation_samples_seed_1_241016_with_holdout.csv,train_sample_n_100000,catboost,"learning_rate=NA,subsample=0.8,depth=6",1000,0.275280126193453,0.0839584080256823,0.32398600264609,0.323986004455764,0.881674355632367,0.272827605201723,0.0831403952088575,0.319040946000259,0.319041242127832,0.879748141536889,0.277792103714584,0.0848070486444823,0.32913548162449,0.329135778913169,0.883599151529068,evaluation_test_50_percent_split,0.577756679375158,0.884385787391854,0.573350451437382,0.883044580220674,0.582128915730039,0.885770930868704,0.270183026391338,0.510183026391338,evaluation_selection_50_percent_split
AS_FS_IN_ED_IM_HO,pmt_train_and_evaluation_samples_seed_1_241016_with_holdout.csv,train_sample_n_100000,catboost,"learning_rate=NA,subsample=0.8,depth=6",1000,0.273784386494706,0.0834509838141992,0.326453099151158,0.326454145438448,0.882509110056022,0.272780254367714,0.0831162023393469,0.324401138533379,0.324406103729151,0.881735840425758,0.274809316484463,0.0838062285204578,0.328525984681956,0.32852765801824,0.883330695562599,official_holdout_set,0.579989085771384,0.885128716768043,0.578164183335498,0.884559373134884,0.581828502367227,0.885668866406499,0.270183026391338,0.510183026391338,evaluation_selection_50_percent_split
AS_FS_IN_ED_IM_HO,pmt_train_and_evaluation_samples_seed_1_241016_with_holdout.csv,train_sample_n_1000000,catboost,"learning_rate=NA,subsample=0.8,depth=6",1000,0.266255977506578,0.0812891050987262,0.340361351179282,0.340365438561832,0.889238487219088,0.263792500973898,0.0804391232228356,0.335308090931504,0.335320752690323,0.88743103510643,0.26860404873039,0.082084109057167,0.345306661950914,0.345307103439569,0.891125556856038,evaluation_selection_50_percent_split,0.587227893248063,0.88838967993067,0.582733383756856,0.887077521556628,0.591405989012434,0.889759814862333,0.290107272575709,0.520107272575709,evaluation_selection_50_percent_split
AS_FS_IN_ED_IM_HO,pmt_train_and_evaluation_samples_seed_1_241016_with_holdout.csv,train_sample_n_1000000,catboost,"learning_rate=NA,subsample=0.8,depth=6",1000,0.269582911127876,0.0823770842293533,0.336718462036461,0.336719701578534,0.887435234503503,0.267203660707414,0.0815834053026693,0.331788465273365,0.331792435468279,0.885597104225892,0.271982532493053,0.0831908061524235,0.341836351527031,0.341855828572894,0.88925223820228,evaluation_test_50_percent_split,0.586796470946152,0.886317532401512,0.58227464081482,0.884903582200834,0.591137094842999,0.887682825866986,0.290107272575709,0.520107272575709,evaluation_selection_50_percent_split
AS_FS_IN_ED_IM_HO,pmt_train_and_evaluation_samples_seed_1_241016_with_holdout.csv,train_sample_n_1000000,catboost,"learning_rate=NA,subsample=0.8,depth=6",1000,0.267818257183761,0.081770976547867,0.340012719852107,0.340012739864826,0.888500848260328,0.2668267518305,0.0814401193679314,0.338058986955726,0.338058994224767,0.887739366774784,0.268816679335404,0.0821172153949723,0.342120179717051,0.342120334666734,0.889277834884098,official_holdout_set,0.588362344074711,0.887158124555105,0.586627649285417,0.886613075508384,0.590121230285695,0.887705684042425,0.290107272575709,0.520107272575709,evaluation_selection_50_percent_split
AS_FS_IN_ED_IM_HO,pmt_train_and_evaluation_samples_seed_1_241016_with_holdout.csv,training_set,catboost,"learning_rate=NA,subsample=0.8,depth=6",1000,0.264616206016582,0.0808599353208308,0.34384394545882,0.343846243488034,0.890843899660762,0.262165126628754,0.0800309798994065,0.33874912148289,0.338753913255618,0.888999956666966,0.267003867038754,0.0816727553101494,0.348811103151982,0.34882056348706,0.892653706258982,evaluation_selection_50_percent_split,0.59011154472544,0.888975497339614,0.585677767495755,0.887615045340331,0.594567165125832,0.890340790805088,0.290067461739776,0.500067461739776,evaluation_selection_50_percent_split
AS_FS_IN_ED_IM_HO,pmt_train_and_evaluation_samples_seed_1_241016_with_holdout.csv,training_set,catboost,"learning_rate=NA,subsample=0.8,depth=6",1000,0.268129706971167,0.0819701796958161,0.339994764752609,0.339997358685505,0.888855855239723,0.265816507025713,0.0811911994297178,0.334982037462684,0.33498215781456,0.887008305695776,0.270583772931983,0.0827982515271721,0.345149667821984,0.345150676594224,0.890641524346184,evaluation_test_50_percent_split,0.588506724143165,0.887097008458041,0.584197217439535,0.885692862226397,0.592868921759878,0.888428532696842,0.290067461739776,0.500067461739776,evaluation_selection_50_percent_split
AS_FS_IN_ED_IM_HO,pmt_train_and_evaluation_samples_seed_1_241016_with_holdout.csv,training_set,catboost,"learning_rate=NA,subsample=0.8,depth=6",1000,0.266390982824191,0.0813716289502489,0.343235921358466,0.34323633155844,0.889986821083383,0.265418343010834,0.0810444709726111,0.341246934277712,0.341246938891356,0.889222662888857,0.267400658588068,0.0817100329004638,0.345345904678717,0.345347837699843,0.890731721282113,official_holdout_set,0.590483384456773,0.88793150222336,0.588783225026211,0.887351651181567,0.592227775601115,0.888486289350144,0.290067461739776,0.500067461739776,evaluation_selection_50_percent_split
AS_FS_IN_ED_IM_HO_EM,pmt_train_and_evaluation_samples_seed_1_241016_with_holdout.csv,train_sample_n_1000,catboost,"learning_rate=NA,subsample=0.8,depth=6",1000,0.306575173164196,0.0919141964209842,0.254141668050789,0.25414167968553,0.841343039237322,0.303584210729409,0.0909376920507819,0.24949476030239,0.249495140258837,0.838933742770833,0.309214955712899,0.0928057714934022,0.258872122684967,0.258879696641784,0.843821103743643,evaluation_selection_50_percent_split,0.531847867844794,0.877297880890249,0.527134111874857,0.875981002086672,0.536324517844977,0.87875044178379,0.224527571254548,0.454527571254548,evaluation_selection_50_percent_split
AS_FS_IN_ED_IM_HO_EM,pmt_train_and_evaluation_samples_seed_1_241016_with_holdout.csv,train_sample_n_1000,catboost,"learning_rate=NA,subsample=0.8,depth=6",1000,0.308496041380028,0.0924815611940461,0.255359512710231,0.25536982951007,0.840145116123706,0.305944334965638,0.0915666456661584,0.25077477504005,0.250801979476299,0.837677895114878,0.311265328801163,0.0933929805563983,0.260025886217191,0.260057160139296,0.8424903041087,evaluation_test_50_percent_split,0.534514346279052,0.876116563139981,0.529882809280813,0.874760952606887,0.539052329246183,0.877554599634953,0.224527571254548,0.454527571254548,evaluation_selection_50_percent_split
AS_FS_IN_ED_IM_HO_EM,pmt_train_and_evaluation_samples_seed_1_241016_with_holdout.csv,train_sample_n_1000,catboost,"learning_rate=NA,subsample=0.8,depth=6",1000,0.307813344115379,0.0923686945321132,0.254476758763239,0.254481538859318,0.841029166099418,0.306690501963727,0.0919870270743693,0.252424188359184,0.252431154203164,0.840011791776461,0.308942306206163,0.0927475835175696,0.256477882195666,0.25648696939676,0.842083590741123,official_holdout_set,0.533023798650226,0.876037682523203,0.531114289437021,0.875431816028435,0.534892947093191,0.876642739198424,0.224527571254548,0.454527571254548,evaluation_selection_50_percent_split
AS_FS_IN_ED_IM_HO_EM,pmt_train_and_evaluation_samples_seed_1_241016_with_holdout.csv,train_sample_n_10000,catboost,"learning_rate=NA,subsample=0.8,depth=6",1000,0.286024686907387,0.0869766974535477,0.29420810922366,0.294424230644281,0.868427835119443,0.283401773557585,0.0860674437607352,0.289414611787925,0.289677644352405,0.866382448695159,0.288450598420142,0.0877956986771989,0.298917446540614,0.299099662832522,0.870481234447088,evaluation_selection_50_percent_split,0.554022576599176,0.882042517756077,0.549371080240769,0.880647933420157,0.558376287686716,0.88347571278486,0.251166377263609,0.501166377263609,evaluation_selection_50_percent_split
AS_FS_IN_ED_IM_HO_EM,pmt_train_and_evaluation_samples_seed_1_241016_with_holdout.csv,train_sample_n_10000,catboost,"learning_rate=NA,subsample=0.8,depth=6",1000,0.288457591840839,0.0876976090519463,0.293878806808106,0.294009135869512,0.867283239423079,0.28598894820667,0.0868539635292888,0.289081099815572,0.289265775305991,0.865177889843548,0.290990482895194,0.0885270986142355,0.298784277701002,0.298896078027853,0.869399602970973,evaluation_test_50_percent_split,0.557120500782473,0.88059976083157,0.552728177643601,0.879229625899908,0.561752911848303,0.881950650935129,0.251166377263609,0.501166377263609,evaluation_selection_50_percent_split
AS_FS_IN_ED_IM_HO_EM,pmt_train_and_evaluation_samples_seed_1_241016_with_holdout.csv,train_sample_n_10000,catboost,"learning_rate=NA,subsample=0.8,depth=6",1000,0.286982955060606,0.0873058482820454,0.295339840842651,0.29549411057286,0.868613176411959,0.285962061862682,0.0869546352692505,0.293340911290739,0.293491264553001,0.867779252124341,0.287969359971535,0.0876543645389546,0.297388758225327,0.297531316748981,0.869457964596348,official_holdout_set,0.558272271118706,0.880741924277013,0.5564551160296,0.880200114508484,0.560173984834397,0.881304890581232,0.251166377263609,0.501166377263609,evaluation_selection_50_percent_split
AS_FS_IN_ED_IM_HO_EM,pmt_train_and_evaluation_samples_seed_1_241016_with_holdout.csv,train_sample_n_100000,catboost,"learning_rate=NA,subsample=0.8,depth=6",1000,0.272224079375139,0.0829570639437249,0.3268263255757,0.32683663582738,0.882962673605278,0.269701684218423,0.0820940889605353,0.321917356261992,0.321925420502148,0.881097862923335,0.274578515324634,0.0837523498487855,0.331757753594938,0.331767423916863,0.884889694448505,evaluation_selection_50_percent_split,0.578035023476951,0.886283642138185,0.573512999200813,0.88495683832892,0.582420315513599,0.887673263971261,0.260219337108197,0.510219337108197,evaluation_selection_50_percent_split
AS_FS_IN_ED_IM_HO_EM,pmt_train_and_evaluation_samples_seed_1_241016_with_holdout.csv,train_sample_n_100000,catboost,"learning_rate=NA,subsample=0.8,depth=6",1000,0.275380908422806,0.0840462907077699,0.323278391286927,0.323278393098495,0.881689990748721,0.272956273150058,0.0832026323868286,0.318258775638675,0.318271843653941,0.87980902715498,0.277825635955783,0.084876040106059,0.328479040355083,0.328482549469015,0.883588251370057,evaluation_test_50_percent_split,0.57593550083253,0.884540714309922,0.571449084486448,0.883184861703519,0.580193401920549,0.885935056572533,0.260219337108197,0.510219337108197,evaluation_selection_50_percent_split
AS_FS_IN_ED_IM_HO_EM,pmt_train_and_evaluation_samples_seed_1_241016_with_holdout.csv,train_sample_n_100000,catboost,"learning_rate=NA,subsample=0.8,depth=6",1000,0.273840313629722,0.083492432655815,0.326118558591681,0.326119605398646,0.882527456564136,0.272839588656188,0.0831564841697191,0.324073710153471,0.324078361253105,0.881750312782944,0.274848332753903,0.0838371430127115,0.328269265402603,0.328271624356335,0.883359209326303,official_holdout_set,0.578497210659519,0.885190263053684,0.576653506292497,0.884618530452859,0.580303186198614,0.885740960591751,0.260219337108197,0.510219337108197,evaluation_selection_50_percent_split
AS_FS_IN_ED_IM_HO_EM,pmt_train_and_evaluation_samples_seed_1_241016_with_holdout.csv,train_sample_n_1000000,catboost,"learning_rate=NA,subsample=0.8,depth=6",1000,0.266007064295363,0.0812024052464145,0.341064896548153,0.341068979571257,0.889419113743876,0.26351978840141,0.0803463000138329,0.336104253519338,0.336114258815136,0.887663894619508,0.268297518074887,0.0819865110424428,0.345986345046149,0.345991199406452,0.891246912890926,evaluation_selection_50_percent_split,0.587364588617983,0.888636594706341,0.582985871829089,0.887295387535161,0.591599065372859,0.890045582404175,0.270154729411636,0.480154729411636,evaluation_selection_50_percent_split
AS_FS_IN_ED_IM_HO_EM,pmt_train_and_evaluation_samples_seed_1_241016_with_holdout.csv,train_sample_n_1000000,catboost,"learning_rate=NA,subsample=0.8,depth=6",1000,0.26955391688699,0.0823428740250601,0.336993914817169,0.336995153844475,0.887461820221852,0.267196938887547,0.0815590994966597,0.331927025077155,0.331927604685877,0.885605339263158,0.272006736842277,0.0831836432994445,0.341983529740135,0.3419870946539,0.88923378535491,evaluation_test_50_percent_split,0.585091337654685,0.886516032515287,0.580753788821848,0.885150739049814,0.589407321373341,0.887866922618846,0.270154729411636,0.480154729411636,evaluation_selection_50_percent_split
AS_FS_IN_ED_IM_HO_EM,pmt_train_and_evaluation_samples_seed_1_241016_with_holdout.csv,train_sample_n_1000000,catboost,"learning_rate=NA,subsample=0.8,depth=6",1000,0.267875242461127,0.0817840239731191,0.33990741189238,0.339907431908292,0.888453115783153,0.266900102324365,0.0814497465785139,0.337951430276614,0.337953235811421,0.88768360703756,0.26888016847779,0.0821227226760457,0.342020581474884,0.342021450723441,0.889218494035792,official_holdout_set,0.586975344987111,0.88724153596854,0.585343945097484,0.886691628004532,0.588705650897634,0.88778411506564,0.270154729411636,0.480154729411636,evaluation_selection_50_percent_split
AS_FS_IN_ED_IM_HO_EM,pmt_train_and_evaluation_samples_seed_1_241016_with_holdout.csv,training_set,catboost,"learning_rate=NA,subsample=0.8,depth=6",1000,0.264371141354032,0.0807936894822754,0.344381512152187,0.344383808298702,0.891101802723395,0.261917367581759,0.0799490298825475,0.33931784623662,0.339322498087976,0.889294228011287,0.266752500013125,0.0816038673335613,0.349234719414375,0.34923489044491,0.892910286898017,evaluation_selection_50_percent_split,0.589885093410459,0.889188521851958,0.5853791791462,0.887847314680778,0.594158855421178,0.890622079990704,0.300075566418389,0.490075566418389,evaluation_selection_50_percent_split
AS_FS_IN_ED_IM_HO_EM,pmt_train_and_evaluation_samples_seed_1_241016_with_holdout.csv,training_set,catboost,"learning_rate=NA,subsample=0.8,depth=6",1000,0.267998201135649,0.0819235496349977,0.340370219392018,0.340372811849314,0.889023928824341,0.265717498244469,0.0811340766078722,0.33531875173157,0.335321650846284,0.88717127986494,0.270361735231866,0.0827548621572961,0.345442422137025,0.345446215191157,0.890848436148566,evaluation_test_50_percent_split,0.588752467917078,0.886917874209025,0.584188353098292,0.885624960663087,0.593303799140956,0.888292850606878,0.300075566418389,0.490075566418389,evaluation_selection_50_percent_split
AS_FS_IN_ED_IM_HO_EM,pmt_train_and_evaluation_samples_seed_1_241016_with_holdout.csv,training_set,catboost,"learning_rate=NA,subsample=0.8,depth=6",1000,0.266485432019449,0.081417835116487,0.342862983633261,0.342863394066163,0.889916390879893,0.265499893951502,0.081085929796835,0.34087734709827,0.340878147735372,0.889137492396932,0.267511166334748,0.0817560663921128,0.3449739031654,0.344975373812244,0.890671502480591,official_holdout_set,0.590650740177788,0.887713660764972,0.588854856484466,0.887141118344599,0.592474898834675,0.888274885957162,0.300075566418389,0.490075566418389,evaluation_selection_50_percent_split
AS_FS_IN_ED_IM_HO_EM_CH,pmt_train_and_evaluation_samples_seed_1_241016_with_holdout.csv,train_sample_n_1000,catboost,"learning_rate=NA,subsample=0.8,depth=6",1000,0.306329086725428,0.0918672695660079,0.254522466525225,0.254522478154027,0.842021554914794,0.303366407200236,0.090905525516605,0.249988664568165,0.249989516667977,0.839648490408364,0.308963971440658,0.0927736667971018,0.259157080939668,0.259161150324451,0.844498999940887,evaluation_selection_50_percent_split,0.532155942908829,0.877491539537834,0.527314503949021,0.876184101593326,0.536572846163385,0.878953662327099,0.224187541638312,0.474187541638312,evaluation_selection_50_percent_split
AS_FS_IN_ED_IM_HO_EM_CH,pmt_train_and_evaluation_samples_seed_1_241016_with_holdout.csv,train_sample_n_1000,catboost,"learning_rate=NA,subsample=0.8,depth=6",1000,0.308199596681771,0.092438304070431,0.255707809226765,0.255718121201047,0.840997124652598,0.30559648659,0.0915429512727289,0.251181146913146,0.251185507834545,0.838568881946016,0.310910577909098,0.0933365334618463,0.260384019391325,0.260391467084879,0.843373450170193,evaluation_test_50_percent_split,0.534894627755337,0.876528087766099,0.530266737778713,0.875148027828748,0.539390312831023,0.877888539765383,0.224187541638312,0.474187541638312,evaluation_selection_50_percent_split
AS_FS_IN_ED_IM_HO_EM_CH,pmt_train_and_evaluation_samples_seed_1_241016_with_holdout.csv,train_sample_n_1000,catboost,"learning_rate=NA,subsample=0.8,depth=6",1000,0.307745679115346,0.0923852120554958,0.254343443058911,0.254348224009774,0.841576764482585,0.306622737854902,0.0920099092039333,0.252369777539071,0.252380163080558,0.840570529924952,0.308879832952462,0.0927686117978224,0.256307569938486,0.256314342936809,0.842596860625572,official_holdout_set,0.533377271920708,0.876227180297414,0.531475100810645,0.875635202207892,0.535205597468962,0.876823227730165,0.224187541638312,0.474187541638312,evaluation_selection_50_percent_split
AS_FS_IN_ED_IM_HO_EM_CH,pmt_train_and_evaluation_samples_seed_1_241016_with_holdout.csv,train_sample_n_10000,catboost,"learning_rate=NA,subsample=0.8,depth=6",1000,0.286736684970114,0.0872098353739128,0.29231625935532,0.292532960081664,0.867707143409302,0.284091912314184,0.086303185372856,0.287591539964499,0.287855379744997,0.86564508231624,0.289115732232329,0.0880358181851807,0.296961270546678,0.297157217202969,0.869718760339967,evaluation_selection_50_percent_split,0.554744304411052,0.881195261172894,0.550157305430546,0.879815322272197,0.559102719749386,0.882642980600245,0.260944837545904,0.500944837545904,evaluation_selection_50_percent_split
AS_FS_IN_ED_IM_HO_EM_CH,pmt_train_and_evaluation_samples_seed_1_241016_with_holdout.csv,train_sample_n_10000,catboost,"learning_rate=NA,subsample=0.8,depth=6",1000,0.289301393554193,0.087987875111636,0.291541650543221,0.291672410974462,0.866528727054384,0.286843397862078,0.0871605964662499,0.286815675861606,0.286995792187143,0.864434398564558,0.29176882221696,0.0888315932231746,0.296600318382001,0.296715053714084,0.868629553391465,evaluation_test_50_percent_split,0.557796021093001,0.880047833685953,0.553307080494722,0.878638724951464,0.562484861548602,0.881461662849977,0.260944837545904,0.500944837545904,evaluation_selection_50_percent_split
AS_FS_IN_ED_IM_HO_EM_CH,pmt_train_and_evaluation_samples_seed_1_241016_with_holdout.csv,train_sample_n_10000,catboost,"learning_rate=NA,subsample=0.8,depth=6",1000,0.288143593113813,0.0876803442874344,0.292317220709477,0.292472152175398,0.867405446347998,0.287112682175558,0.087341027051416,0.290242103276617,0.290399027986411,0.86656913886533,0.289154168268432,0.0880273536169656,0.294381231371953,0.294516874792096,0.868263359943729,official_holdout_set,0.556711427073482,0.880028473255305,0.554958888412579,0.879438904378937,0.558534646562619,0.880597007068915,0.260944837545904,0.500944837545904,evaluation_selection_50_percent_split
AS_FS_IN_ED_IM_HO_EM_CH,pmt_train_and_evaluation_samples_seed_1_241016_with_holdout.csv,train_sample_n_100000,catboost,"learning_rate=NA,subsample=0.8,depth=6",1000,0.272286181038221,0.0829672711921985,0.326743496571948,0.326753808092227,0.883030439009043,0.269785898476031,0.0820946518013249,0.321804414948065,0.321826347008896,0.881179346099312,0.274647946269711,0.0837816809612102,0.331623155360755,0.33162719435138,0.884911306942901,evaluation_selection_50_percent_split,0.57834368094286,0.88648214225196,0.57389945555973,0.885145292400351,0.582940612751067,0.887915216244087,0.270281158992275,0.530281158992275,evaluation_selection_50_percent_split
AS_FS_IN_ED_IM_HO_EM_CH,pmt_train_and_evaluation_samples_seed_1_241016_with_holdout.csv,train_sample_n_100000,catboost,"learning_rate=NA,subsample=0.8,depth=6",1000,0.27559910988554,0.0840711911989409,0.323077898197927,0.323077900010031,0.881530585620027,0.273199252631882,0.0832575245845257,0.318003026555717,0.318012713376763,0.879599017128398,0.278048569519607,0.084911229231776,0.328199773032102,0.328201123093777,0.883394018125594,evaluation_test_50_percent_split,0.577319893270086,0.883979104231926,0.572736899226699,0.882638018097401,0.581795572259216,0.885320190366451,0.270281158992275,0.530281158992275,evaluation_selection_50_percent_split
AS_FS_IN_ED_IM_HO_EM_CH,pmt_train_and_evaluation_samples_seed_1_241016_with_holdout.csv,train_sample_n_100000,catboost,"learning_rate=NA,subsample=0.8,depth=6",1000,0.273913523179548,0.0835041357971675,0.326024100572999,0.326025147526695,0.882510480136133,0.272920184961635,0.0831687555251445,0.323926427224442,0.323930219520484,0.881724728137911,0.274914552692106,0.0838470679512217,0.328139986589769,0.328140007778941,0.883342831379103,official_holdout_set,0.578964410967639,0.884957844843434,0.577131254647209,0.88439572884974,0.580817918628142,0.885502893890155,0.270281158992275,0.530281158992275,evaluation_selection_50_percent_split
AS_FS_IN_ED_IM_HO_EM_CH,pmt_train_and_evaluation_samples_seed_1_241016_with_holdout.csv,train_sample_n_1000000,catboost,"learning_rate=NA,subsample=0.8,depth=6",1000,0.265937918204201,0.0812087919276483,0.341013070392921,0.34101715373716,0.889503254869134,0.263438542650596,0.0803698391550112,0.336023753969791,0.336031909984353,0.887708555141596,0.268271534296436,0.0819954884418157,0.345949529035521,0.345951628103262,0.891355415109205,evaluation_selection_50_percent_split,0.588043034182214,0.88826380180974,0.58349035547862,0.886956484901888,0.592308730671629,0.889672789507575,0.280097388066077,0.500097388066077,evaluation_selection_50_percent_split
AS_FS_IN_ED_IM_HO_EM_CH,pmt_train_and_evaluation_samples_seed_1_241016_with_holdout.csv,train_sample_n_1000000,catboost,"learning_rate=NA,subsample=0.8,depth=6",1000,0.269680960503918,0.0824122430059626,0.336435371567304,0.336436611638417,0.887462489842615,0.267281705564765,0.0815979163196954,0.331441731107235,0.331448020908879,0.885597624771589,0.272099949339234,0.0832277257279817,0.341474175284532,0.341475388115295,0.889258015270505,evaluation_test_50_percent_split,0.587084031601628,0.886128715220117,0.582565397041233,0.884753496748956,0.591460820129796,0.887527898948918,0.280097388066077,0.500097388066077,evaluation_selection_50_percent_split
AS_FS_IN_ED_IM_HO_EM_CH,pmt_train_and_evaluation_samples_seed_1_241016_with_holdout.csv,train_sample_n_1000000,catboost,"learning_rate=NA,subsample=0.8,depth=6",1000,0.267717851743642,0.0817251157529629,0.340382870027291,0.340382890028786,0.888628435829321,0.266734018673574,0.0813943813043047,0.338400925689718,0.338400949247453,0.887862302410804,0.268710493882933,0.0820643793948129,0.342496950214881,0.342496953862261,0.889416811169275,official_holdout_set,0.588004066418163,0.887363008900727,0.586289069172345,0.886821219377686,0.589829763024653,0.88789589040874,0.280097388066077,0.500097388066077,evaluation_selection_50_percent_split
AS_FS_IN_ED_IM_HO_EM_CH,pmt_train_and_evaluation_samples_seed_1_241016_with_holdout.csv,training_set,catboost,"learning_rate=NA,subsample=0.8,depth=6",1000,0.264396052864033,0.0807536987197186,0.34470602615128,0.344708321161262,0.891042606165928,0.261965352473611,0.079916203605825,0.339805580323204,0.339806478657094,0.889250735693387,0.266783468512422,0.0815578034513298,0.349765322282724,0.349768880677204,0.892853393874249,evaluation_selection_50_percent_split,0.589734524157226,0.889144948656251,0.585381652763628,0.887857118649812,0.594258779355542,0.890549215924551,0.290051559662611,0.510051559662611,evaluation_selection_50_percent_split
AS_FS_IN_ED_IM_HO_EM_CH,pmt_train_and_evaluation_samples_seed_1_241016_with_holdout.csv,training_set,catboost,"learning_rate=NA,subsample=0.8,depth=6",1000,0.267637627072918,0.0817531069546917,0.341742585070964,0.341745172134629,0.889265640687248,0.265215711582942,0.0809452945331253,0.336727334544959,0.336731304515597,0.887424273298657,0.270070086383715,0.0825759091330986,0.346927013844854,0.346933619822663,0.891107081111666,evaluation_test_50_percent_split,0.588973840611653,0.88737781349704,0.584398567578324,0.885993033130153,0.5933446586922,0.888709458772495,0.290051559662611,0.510051559662611,evaluation_selection_50_percent_split
AS_FS_IN_ED_IM_HO_EM_CH,pmt_train_and_evaluation_samples_seed_1_241016_with_holdout.csv,training_set,catboost,"learning_rate=NA,subsample=0.8,depth=6",1000,0.266400419284735,0.0813680690630032,0.343264653806091,0.343265063988119,0.889969248629959,0.265404464373968,0.0810348862987935,0.341267982924213,0.341268297043699,0.889201324193967,0.26740611977617,0.0817004805436305,0.345378077103351,0.345379116803719,0.890738850541274,official_holdout_set,0.590843238279855,0.887865906839979,0.58908525717902,0.887317578024089,0.592598629383239,0.888410976132188,0.290051559662611,0.510051559662611,evaluation_selection_50_percent_split